{
    "accuracy": 0.910958904109589,
    "classification_report": {
        "Corner": {
            "precision": 1.0,
            "recall": 1.0,
            "f1-score": 1.0,
            "support": 20.0
        },
        "Foul": {
            "precision": 1.0,
            "recall": 0.9,
            "f1-score": 0.9473684210526315,
            "support": 20.0
        },
        "Goal": {
            "precision": 0.9090909090909091,
            "recall": 1.0,
            "f1-score": 0.9523809523809523,
            "support": 20.0
        },
        "Kick-off": {
            "precision": 0.9047619047619048,
            "recall": 0.95,
            "f1-score": 0.926829268292683,
            "support": 20.0
        },
        "Penalty": {
            "precision": 0.0,
            "recall": 0.0,
            "f1-score": 0.0,
            "support": 2.0
        },
        "Red card": {
            "precision": 1.0,
            "recall": 0.5,
            "f1-score": 0.6666666666666666,
            "support": 4.0
        },
        "Shots off target": {
            "precision": 0.8095238095238095,
            "recall": 0.85,
            "f1-score": 0.8292682926829268,
            "support": 20.0
        },
        "Shots on target": {
            "precision": 0.85,
            "recall": 0.85,
            "f1-score": 0.85,
            "support": 20.0
        },
        "Yellow card": {
            "precision": 0.9090909090909091,
            "recall": 1.0,
            "f1-score": 0.9523809523809523,
            "support": 20.0
        },
        "accuracy": 0.910958904109589,
        "macro avg": {
            "precision": 0.8202741702741703,
            "recall": 0.7833333333333333,
            "f1-score": 0.7916549503840903,
            "support": 146.0
        },
        "weighted avg": {
            "precision": 0.9017078811599359,
            "recall": 0.910958904109589,
            "f1-score": 0.9029535917977369,
            "support": 146.0
        }
    }
}